{"cameraMode":{"drawMode":0,"name":"Shaded","section":"Shading Mode"},"sceneLighting":true,"audioPlay":false,"sceneViewState":{"showFog":false,"showMaterialUpdate":false,"showSkybox":false,"showFlares":false,"showImageEffects":false,"showParticleSystems":false},"in2DMode":false,"pivot":{"x":-292.66558837890627,"y":-55.618255615234378,"z":24.967195510864259},"rotation":{"x":0.0704336166381836,"y":-0.7599269151687622,"z":0.08355626463890076,"w":0.640770673751831},"size":238.5509490966797,"orthographic":false}