{"cameraMode":{"drawMode":0,"name":"Shaded","section":"Shading Mode"},"sceneLighting":true,"audioPlay":false,"sceneViewState":{"showFog":false,"showMaterialUpdate":false,"showSkybox":false,"showFlares":false,"showImageEffects":false,"showParticleSystems":false},"in2DMode":false,"pivot":{"x":-429.4190979003906,"y":-738.1842041015625,"z":410.0977783203125},"rotation":{"x":0.405148983001709,"y":-0.3517533838748932,"z":0.17255501449108125,"w":0.8260570168495178},"size":535.7941284179688,"orthographic":false}