{"cameraMode":{"drawMode":0,"name":"Shaded","section":"Shading Mode"},"sceneLighting":true,"audioPlay":false,"sceneViewState":{"showFog":false,"showMaterialUpdate":false,"showSkybox":false,"showFlares":false,"showImageEffects":false,"showParticleSystems":false},"in2DMode":false,"pivot":{"x":-1.4196488857269288,"y":18.749359130859376,"z":18.35260581970215},"rotation":{"x":-0.0007186682196334004,"y":0.9639284610748291,"z":-0.26615050435066225,"w":-0.002606217749416828},"size":5.150733947753906,"orthographic":true}